{
    "meta": {
        "task_id": 276
    },
    "p": 2,
    "distances": {
        "0": {
            "0": 0,
            "1": 14.156547998690641,
            "2": 25.24905571270607,
            "3": 32.18338715353028,
            "4": 39.64021793159178,
            "5": 42.847709672369255,
            "6": 25.288788605992572,
            "7": 36.232164950349585,
            "8": 40.75794583495485,
            "9": 29.281219793727534,
            "10": 21.87936417706526,
            "11": 28.542399042635044,
            "12": 29.29012931337955,
            "13": 30.90174800528818,
            "14": 30.990392627682287,
            "15": 30.847636567905216,
            "16": 32.03592438294119
        },
        "1": {
            "0": 14.156547998690643,
            "1": 0,
            "2": 11.511563963105367,
            "3": 22.570133423537204,
            "4": 31.95386348604233,
            "5": 32.03405195072897,
            "6": 18.087138765290618,
            "7": 23.3324483337587,
            "8": 31.8263313291023,
            "9": 23.023769195349306,
            "10": 11.858997149918343,
            "11": 16.045285694214172,
            "12": 19.70254418917786,
            "13": 21.938596529087494,
            "14": 21.525152239735103,
            "15": 20.60015874815681,
            "16": 21.732371548333056
        },
        "2": {
            "0": 25.24905571270607,
            "1": 11.511563963105367,
            "2": 0,
            "3": 15.335151180207138,
            "4": 25.42114660907717,
            "5": 22.388229460734628,
            "6": 15.164497114329945,
            "7": 12.152207903934226,
            "8": 24.05818103832712,
            "9": 19.52304092830626,
            "10": 8.9395307817777,
            "11": 6.119330620541182,
            "12": 13.216509726901622,
            "13": 15.645107523364935,
            "14": 14.708723628037552,
            "15": 12.989797211664035,
            "16": 13.797846674450128
        },
        "3": {
            "0": 32.18338715353028,
            "1": 22.570133423537204,
            "2": 15.335151180207138,
            "3": 0,
            "4": 10.08965633433297,
            "5": 10.899327070837185,
            "6": 7.760744678702662,
            "7": 11.369284404268177,
            "8": 9.265016371797325,
            "9": 7.712380684660198,
            "10": 10.868834632600871,
            "11": 9.54422346561127,
            "12": 2.9432449431306766,
            "13": 1.885172436490668,
            "14": 1.2011377150611136,
            "15": 2.350686030908707,
            "16": 1.8981124064353228
        },
        "4": {
            "0": 39.64021793159178,
            "1": 31.95386348604233,
            "2": 25.42114660907717,
            "3": 10.08965633433297,
            "4": 0,
            "5": 10.812548532965524,
            "6": 14.500958792404544,
            "7": 19.16645792555104,
            "8": 3.9249905973110057,
            "9": 10.460701293934815,
            "10": 20.10092604489206,
            "11": 19.5374830965507,
            "12": 12.540310069883772,
            "13": 10.133596131389798,
            "14": 10.82911779328856,
            "15": 12.431435973717077,
            "16": 11.682620507195939
        },
        "5": {
            "0": 42.847709672369255,
            "1": 32.03405195072897,
            "2": 22.388229460734628,
            "3": 10.899327070837185,
            "4": 10.812548532965524,
            "5": 0,
            "6": 18.588530414865378,
            "7": 11.901343204205306,
            "8": 6.901990671614906,
            "9": 17.07811487448018,
            "10": 21.076874524204563,
            "11": 16.428330680926948,
            "12": 13.643026100939334,
            "13": 12.535715228066696,
            "14": 12.091858383444437,
            "15": 12.000105700427358,
            "16": 10.811965852396712
        },
        "6": {
            "0": 25.288788605992572,
            "1": 18.087138765290618,
            "2": 15.164497114329945,
            "3": 7.760744678702662,
            "4": 14.500958792404544,
            "5": 18.588530414865378,
            "6": 0,
            "7": 17.095113187868485,
            "8": 15.495300034546709,
            "9": 4.961936146996401,
            "10": 6.893049325914868,
            "11": 11.590827989489199,
            "12": 5.571269195999925,
            "13": 6.053559660093156,
            "14": 6.624414625394983,
            "15": 7.610344313980452,
            "16": 8.53513712168917
        },
        "7": {
            "0": 36.232164950349585,
            "1": 23.3324483337587,
            "2": 12.152207903934226,
            "3": 11.369284404268177,
            "4": 19.16645792555104,
            "5": 11.901343204205306,
            "6": 17.095113187868485,
            "7": 0,
            "8": 16.262593067886964,
            "9": 18.880219774918153,
            "10": 15.23751157028022,
            "11": 7.717310062447907,
            "12": 11.82162052341555,
            "13": 12.999859057917245,
            "14": 11.799690480953863,
            "15": 9.95142915170281,
            "16": 9.579500847416744
        },
        "8": {
            "0": 40.75794583495485,
            "1": 31.8263313291023,
            "2": 24.05818103832712,
            "3": 9.265016371797325,
            "4": 3.9249905973110057,
            "5": 6.901990671614906,
            "6": 15.495300034546709,
            "7": 16.262593067886964,
            "8": 0,
            "9": 12.404431752954972,
            "10": 20.057344870439458,
            "11": 17.975193918720294,
            "12": 12.130710222855702,
            "13": 10.034691006611245,
            "14": 10.305800891902786,
            "15": 11.38730764195214,
            "16": 10.379712596075858
        },
        "9": {
            "0": 29.281219793727534,
            "1": 23.023769195349306,
            "2": 19.523040928306255,
            "3": 7.712380684660197,
            "4": 10.460701293934815,
            "5": 17.07811487448018,
            "6": 4.961936146996401,
            "7": 18.880219774918153,
            "8": 12.404431752954972,
            "9": 0,
            "10": 11.77309195400679,
            "11": 15.033779462890235,
            "12": 7.328211948519391,
            "13": 5.916631270876185,
            "14": 7.088661706633562,
            "15": 8.962782444724247,
            "16": 9.334520148574308
        },
        "10": {
            "0": 21.87936417706526,
            "1": 11.858997149918343,
            "2": 8.9395307817777,
            "3": 10.868834632600871,
            "4": 20.10092604489206,
            "5": 21.076874524204563,
            "6": 6.893049325914868,
            "7": 15.23751157028022,
            "8": 20.057344870439458,
            "9": 11.77309195400679,
            "10": 0,
            "11": 7.790529977490922,
            "12": 7.941509893532949,
            "13": 10.093619818585536,
            "14": 9.763147864165607,
            "15": 9.145659083798975,
            "16": 10.331228485121029
        },
        "11": {
            "0": 28.542399042635047,
            "1": 16.045285694214172,
            "2": 6.119330620541182,
            "3": 9.54422346561127,
            "4": 19.5374830965507,
            "5": 16.428330680926948,
            "6": 11.590827989489199,
            "7": 7.717310062447907,
            "8": 17.975193918720294,
            "9": 15.033779462890235,
            "10": 7.790529977490922,
            "11": 0,
            "12": 7.948214374887487,
            "13": 10.20740398754983,
            "14": 9.122058494038896,
            "15": 7.2096228948277945,
            "16": 7.854887363998893
        },
        "12": {
            "0": 29.29012931337955,
            "1": 19.70254418917786,
            "2": 13.216509726901622,
            "3": 2.9432449431306766,
            "4": 12.540310069883772,
            "5": 13.643026100939336,
            "6": 5.571269195999925,